"Selector","ComponentPath","UsedIn","Count"
"app-agent-panel","src\app\shared\ui\agent-panel\agent-panel.component.ts","src\app\features\admin\main-layout\main-layout.html","1"
"app-ui-admin-filter-panel","src\app\shared\ui\ui-admin-filter-panel\ui-admin-filter-panel.ts","src\app\features\admin\pages\events-promotions\main-events-promotions\main-events-promotions.html","1"
"app-ui-admin-filter-panel","src\app\shared\ui\ui-admin-filter-panel\ui-admin-filter-panel.ts","src\app\features\admin\pages\inventory\main-inventory\main-inventory.html","1"
"app-ui-admin-filter-panel","src\app\shared\ui\ui-admin-filter-panel\ui-admin-filter-panel.ts","src\app\features\admin\pages\orders\main-orders\main-orders.html","1"
"app-ui-admin-filter-panel","src\app\shared\ui\ui-admin-filter-panel\ui-admin-filter-panel.ts","src\app\features\admin\pages\reports\main-reports\main-reports.html","1"
"app-ui-admin-filter-panel","src\app\shared\ui\ui-admin-filter-panel\ui-admin-filter-panel.ts","src\app\features\admin\pages\users\main\main.html","1"
"app-ui-cart-item","src\app\shared\ui\cart-item\cart-item.component.ts","src\app\features\client\pages\pedidos\components\orders\cart\orders-cart.page.html","1"
"app-ui-cart-removal-modal","src\app\shared\ui\cart-removal-modal\cart-removal-modal.component.ts","src\app\features\client\pages\pedidos\components\orders\cart\orders-cart.page.html","1"
"app-ui-checkbox","src\app\shared\ui\ui-checkbox\ui-checkbox.ts","src\app\features\admin\pages\events-promotions\components\editar-promotion-form\editar-promotion-form.html","1"
"app-ui-checkbox","src\app\shared\ui\ui-checkbox\ui-checkbox.ts","src\app\features\admin\pages\inventory\components\agregar-form\agregar-form.html","1"
"app-ui-checkbox","src\app\shared\ui\ui-checkbox\ui-checkbox.ts","src\app\features\admin\pages\inventory\components\editar-form\editar-form.html","1"
"app-ui-checkbox","src\app\shared\ui\ui-checkbox\ui-checkbox.ts","src\app\features\employee\main-layout\main-layout.html","2"
"app-ui-checkbox","src\app\shared\ui\ui-checkbox\ui-checkbox.ts","src\app\shared\ui\ui-pos-topbar\ui-pos-topbar.html","1"
"app-ui-combobox","src\app\shared\ui\ui-combobox\ui-combobox.ts","src\app\features\admin\pages\events-promotions\components\agregar-producto-form\agregar-producto-form.html","1"
"app-ui-combobox","src\app\shared\ui\ui-combobox\ui-combobox.ts","src\app\features\admin\pages\events-promotions\components\agregar-promocion-dia-evento-form\agregar-promocion-dia-evento-form.html","1"
"app-ui-combobox","src\app\shared\ui\ui-combobox\ui-combobox.ts","src\app\features\admin\pages\events-promotions\components\agregar-promotion-form\agregar-promotion-form.html","1"
"app-ui-combobox","src\app\shared\ui\ui-combobox\ui-combobox.ts","src\app\features\admin\pages\events-promotions\components\editar-promotion-form\editar-promotion-form.html","1"
"app-ui-combobox","src\app\shared\ui\ui-combobox\ui-combobox.ts","src\app\features\admin\pages\inventory\components\agregar-form\agregar-form.html","1"
"app-ui-combobox","src\app\shared\ui\ui-combobox\ui-combobox.ts","src\app\features\admin\pages\inventory\components\editar-form\editar-form.html","1"
"app-ui-combobox","src\app\shared\ui\ui-combobox\ui-combobox.ts","src\app\features\admin\pages\inventory\main-inventory\main-inventory.html","2"
"app-ui-combobox","src\app\shared\ui\ui-combobox\ui-combobox.ts","src\app\features\admin\pages\orders\components\agregar-order-form\agregar-order-form.html","1"
"app-ui-combobox","src\app\shared\ui\ui-combobox\ui-combobox.ts","src\app\features\admin\pages\orders\components\editar-order-form\editar-order-form.html","1"
"app-ui-combobox","src\app\shared\ui\ui-combobox\ui-combobox.ts","src\app\features\admin\pages\orders\components\gestionar-productos-form\gestionar-productos-form.html","1"
"app-ui-combobox","src\app\shared\ui\ui-combobox\ui-combobox.ts","src\app\features\admin\pages\orders\components\payments-section\payments-section.html","1"
"app-ui-combobox","src\app\shared\ui\ui-combobox\ui-combobox.ts","src\app\features\admin\pages\orders\components\registrar-pago-form\registrar-pago-form.html","2"
"app-ui-combobox","src\app\shared\ui\ui-combobox\ui-combobox.ts","src\app\features\admin\pages\tables-reserves\components\agregar-mesa-form\agregar-mesa-form.html","1"
"app-ui-combobox","src\app\shared\ui\ui-combobox\ui-combobox.ts","src\app\features\admin\pages\tables-reserves\components\editar-mesa-form\editar-mesa-form.html","2"
"app-ui-combobox","src\app\shared\ui\ui-combobox\ui-combobox.ts","src\app\features\employee\pages\orders\components\registrar-pago-form\registrar-pago-form.html","1"
"app-ui-combobox","src\app\shared\ui\ui-combobox\ui-combobox.ts","src\app\features\employee\pages\orders\components\table-sale-config\table-sale-config.html","1"
"app-ui-combobox","src\app\shared\ui\ui-combobox\ui-combobox.ts","src\app\shared\ui\ui-admin-filter-panel\ui-admin-filter-panel.html","1"
"app-ui-date-time-picker","src\app\shared\ui\date-time-picker\date-time-picker.component.ts","src\app\features\client\pages\reservas\components\reservas-disponibilidad\reservas-disponibilidad.page.html","1"
"app-ui-empty-cart","src\app\shared\ui\empty-cart\empty-cart.component.ts","src\app\features\client\pages\pedidos\components\orders\cart\orders-cart.page.html","1"
"app-ui-form","src\app\shared\ui\ui-form\ui-form.ts","src\app\features\admin\pages\events-promotions\components\agregar-dia-evento-form\agregar-dia-evento-form.html","1"
"app-ui-form","src\app\shared\ui\ui-form\ui-form.ts","src\app\features\admin\pages\events-promotions\components\agregar-event-form\agregar-event-form.html","1"
"app-ui-form","src\app\shared\ui\ui-form\ui-form.ts","src\app\features\admin\pages\events-promotions\components\agregar-producto-form\agregar-producto-form.html","1"
"app-ui-form","src\app\shared\ui\ui-form\ui-form.ts","src\app\features\admin\pages\events-promotions\components\agregar-promocion-dia-evento-form\agregar-promocion-dia-evento-form.html","1"
"app-ui-form","src\app\shared\ui\ui-form\ui-form.ts","src\app\features\admin\pages\events-promotions\components\agregar-promotion-form\agregar-promotion-form.html","1"
"app-ui-form","src\app\shared\ui\ui-form\ui-form.ts","src\app\features\admin\pages\events-promotions\components\editar-dia-evento-form\editar-dia-evento-form.html","1"
"app-ui-form","src\app\shared\ui\ui-form\ui-form.ts","src\app\features\admin\pages\events-promotions\components\editar-event-form\editar-event-form.html","1"
"app-ui-form","src\app\shared\ui\ui-form\ui-form.ts","src\app\features\admin\pages\events-promotions\components\editar-producto-form\editar-producto-form.html","1"
"app-ui-form","src\app\shared\ui\ui-form\ui-form.ts","src\app\features\admin\pages\events-promotions\components\editar-promotion-form\editar-promotion-form.html","1"
"app-ui-form","src\app\shared\ui\ui-form\ui-form.ts","src\app\features\admin\pages\inventory\components\agregar-form\agregar-form.html","1"
"app-ui-form","src\app\shared\ui\ui-form\ui-form.ts","src\app\features\admin\pages\inventory\components\editar-form\editar-form.html","1"
"app-ui-form","src\app\shared\ui\ui-form\ui-form.ts","src\app\features\admin\pages\inventory\main-inventory\main-inventory.html","2"
"app-ui-form","src\app\shared\ui\ui-form\ui-form.ts","src\app\features\admin\pages\orders\components\agregar-metodo-pago-form\agregar-metodo-pago-form.html","1"
"app-ui-form","src\app\shared\ui\ui-form\ui-form.ts","src\app\features\admin\pages\orders\components\agregar-order-form\agregar-order-form.html","1"
"app-ui-form","src\app\shared\ui\ui-form\ui-form.ts","src\app\features\admin\pages\orders\components\editar-metodo-pago-form\editar-metodo-pago-form.html","1"
"app-ui-form","src\app\shared\ui\ui-form\ui-form.ts","src\app\features\admin\pages\orders\components\editar-order-form\editar-order-form.html","1"
"app-ui-form","src\app\shared\ui\ui-form\ui-form.ts","src\app\features\admin\pages\orders\components\gestionar-productos-form\gestionar-productos-form.html","1"
"app-ui-form","src\app\shared\ui\ui-form\ui-form.ts","src\app\features\admin\pages\orders\components\payments-section\payments-section.html","1"
"app-ui-form","src\app\shared\ui\ui-form\ui-form.ts","src\app\features\admin\pages\orders\components\registrar-pago-form\registrar-pago-form.html","1"
"app-ui-form","src\app\shared\ui\ui-form\ui-form.ts","src\app\features\admin\pages\tables-reserves\components\agregar-mesa-form\agregar-mesa-form.html","1"
"app-ui-form","src\app\shared\ui\ui-form\ui-form.ts","src\app\features\admin\pages\tables-reserves\components\editar-mesa-form\editar-mesa-form.html","1"
"app-ui-form","src\app\shared\ui\ui-form\ui-form.ts","src\app\features\admin\pages\users\components\actualizar-employee-form\actualizar-employee-form.html","1"
"app-ui-form","src\app\shared\ui\ui-form\ui-form.ts","src\app\features\admin\pages\users\components\agregar-employee-form\agregar-employee-form.html","1"
"app-ui-form","src\app\shared\ui\ui-form\ui-form.ts","src\app\features\auth\forgot-password\forgot-password.html","1"
"app-ui-form","src\app\shared\ui\ui-form\ui-form.ts","src\app\features\auth\login\login.html","1"
"app-ui-form","src\app\shared\ui\ui-form\ui-form.ts","src\app\features\auth\register\register.html","1"
"app-ui-form","src\app\shared\ui\ui-form\ui-form.ts","src\app\features\auth\reset-password\reset-password.html","1"
"app-ui-form","src\app\shared\ui\ui-form\ui-form.ts","src\app\features\client\pages\perfil\components\profile-client\profile-client.page.html","2"
"app-ui-form","src\app\shared\ui\ui-form\ui-form.ts","src\app\shared\ui\ui-admin-filter-panel\ui-admin-filter-panel.html","1"
"app-ui-helper-text","src\app\shared\ui\ui-helper-text\ui-helper-text.ts","src\app\features\admin\pages\events-promotions\components\agregar-dia-evento-form\agregar-dia-evento-form.html","3"
"app-ui-helper-text","src\app\shared\ui\ui-helper-text\ui-helper-text.ts","src\app\features\admin\pages\events-promotions\components\agregar-event-form\agregar-event-form.html","2"
"app-ui-helper-text","src\app\shared\ui\ui-helper-text\ui-helper-text.ts","src\app\features\admin\pages\events-promotions\components\agregar-producto-form\agregar-producto-form.html","3"
"app-ui-helper-text","src\app\shared\ui\ui-helper-text\ui-helper-text.ts","src\app\features\admin\pages\events-promotions\components\agregar-promotion-form\agregar-promotion-form.html","5"
"app-ui-helper-text","src\app\shared\ui\ui-helper-text\ui-helper-text.ts","src\app\features\admin\pages\events-promotions\components\editar-dia-evento-form\editar-dia-evento-form.html","3"
"app-ui-helper-text","src\app\shared\ui\ui-helper-text\ui-helper-text.ts","src\app\features\admin\pages\events-promotions\components\editar-event-form\editar-event-form.html","2"
"app-ui-helper-text","src\app\shared\ui\ui-helper-text\ui-helper-text.ts","src\app\features\admin\pages\events-promotions\components\editar-producto-form\editar-producto-form.html","2"
"app-ui-helper-text","src\app\shared\ui\ui-helper-text\ui-helper-text.ts","src\app\features\admin\pages\events-promotions\components\editar-promotion-form\editar-promotion-form.html","5"
"app-ui-helper-text","src\app\shared\ui\ui-helper-text\ui-helper-text.ts","src\app\features\admin\pages\inventory\components\agregar-form\agregar-form.html","4"
"app-ui-helper-text","src\app\shared\ui\ui-helper-text\ui-helper-text.ts","src\app\features\admin\pages\inventory\components\editar-form\editar-form.html","4"
"app-ui-helper-text","src\app\shared\ui\ui-helper-text\ui-helper-text.ts","src\app\features\admin\pages\orders\components\agregar-metodo-pago-form\agregar-metodo-pago-form.html","1"
"app-ui-helper-text","src\app\shared\ui\ui-helper-text\ui-helper-text.ts","src\app\features\admin\pages\orders\components\agregar-order-form\agregar-order-form.html","5"
"app-ui-helper-text","src\app\shared\ui\ui-helper-text\ui-helper-text.ts","src\app\features\admin\pages\orders\components\editar-metodo-pago-form\editar-metodo-pago-form.html","1"
"app-ui-helper-text","src\app\shared\ui\ui-helper-text\ui-helper-text.ts","src\app\features\admin\pages\orders\components\editar-order-form\editar-order-form.html","1"
"app-ui-helper-text","src\app\shared\ui\ui-helper-text\ui-helper-text.ts","src\app\features\admin\pages\orders\components\gestionar-productos-form\gestionar-productos-form.html","1"
"app-ui-helper-text","src\app\shared\ui\ui-helper-text\ui-helper-text.ts","src\app\features\admin\pages\orders\components\registrar-pago-form\registrar-pago-form.html","2"
"app-ui-helper-text","src\app\shared\ui\ui-helper-text\ui-helper-text.ts","src\app\features\admin\pages\tables-reserves\components\agregar-mesa-form\agregar-mesa-form.html","2"
"app-ui-helper-text","src\app\shared\ui\ui-helper-text\ui-helper-text.ts","src\app\features\admin\pages\tables-reserves\components\editar-mesa-form\editar-mesa-form.html","3"
"app-ui-helper-text","src\app\shared\ui\ui-helper-text\ui-helper-text.ts","src\app\features\admin\pages\users\components\actualizar-employee-form\actualizar-employee-form.html","7"
"app-ui-helper-text","src\app\shared\ui\ui-helper-text\ui-helper-text.ts","src\app\features\admin\pages\users\components\agregar-employee-form\agregar-employee-form.html","8"
"app-ui-helper-text","src\app\shared\ui\ui-helper-text\ui-helper-text.ts","src\app\features\auth\forgot-password\forgot-password.html","3"
"app-ui-helper-text","src\app\shared\ui\ui-helper-text\ui-helper-text.ts","src\app\features\auth\login\login.html","4"
"app-ui-helper-text","src\app\shared\ui\ui-helper-text\ui-helper-text.ts","src\app\features\auth\register\register.html","7"
"app-ui-helper-text","src\app\shared\ui\ui-helper-text\ui-helper-text.ts","src\app\features\auth\reset-password\reset-password.html","6"
"app-ui-helper-text","src\app\shared\ui\ui-helper-text\ui-helper-text.ts","src\app\features\auth\verify-email\verify-email.html","3"
"app-ui-helper-text","src\app\shared\ui\ui-helper-text\ui-helper-text.ts","src\app\features\employee\pages\orders\components\registrar-pago-form\registrar-pago-form.html","1"
"app-ui-icon-button","src\app\shared\ui\ui-icon-button\ui-icon-button.ts","src\app\features\admin\main-layout\main-layout.html","2"
"app-ui-icon-button","src\app\shared\ui\ui-icon-button\ui-icon-button.ts","src\app\features\client\main-layout\main-layout.html","6"
"app-ui-icon-button","src\app\shared\ui\ui-icon-button\ui-icon-button.ts","src\app\features\employee\main-layout\main-layout.html","2"
"app-ui-icon-button","src\app\shared\ui\ui-icon-button\ui-icon-button.ts","src\app\shared\layout\sidebar\sidebar.html","1"
"app-ui-image-upload","src\app\shared\ui\ui-image-upload\ui-image-upload.ts","src\app\features\admin\pages\inventory\components\agregar-form\agregar-form.html","1"
"app-ui-image-upload","src\app\shared\ui\ui-image-upload\ui-image-upload.ts","src\app\features\admin\pages\inventory\components\editar-form\editar-form.html","1"
"app-ui-modal","src\app\shared\ui\ui-modal.component\ui-modal.component.ts","src\app\features\admin\pages\events-promotions\components\agregar-dia-evento-form\agregar-dia-evento-form.html","1"
"app-ui-modal","src\app\shared\ui\ui-modal.component\ui-modal.component.ts","src\app\features\admin\pages\events-promotions\components\agregar-event-form\agregar-event-form.html","1"
"app-ui-modal","src\app\shared\ui\ui-modal.component\ui-modal.component.ts","src\app\features\admin\pages\events-promotions\components\agregar-producto-form\agregar-producto-form.html","1"
"app-ui-modal","src\app\shared\ui\ui-modal.component\ui-modal.component.ts","src\app\features\admin\pages\events-promotions\components\agregar-promocion-dia-evento-form\agregar-promocion-dia-evento-form.html","1"
"app-ui-modal","src\app\shared\ui\ui-modal.component\ui-modal.component.ts","src\app\features\admin\pages\events-promotions\components\agregar-promotion-form\agregar-promotion-form.html","1"
"app-ui-modal","src\app\shared\ui\ui-modal.component\ui-modal.component.ts","src\app\features\admin\pages\events-promotions\components\days-section\days-section.html","4"
"app-ui-modal","src\app\shared\ui\ui-modal.component\ui-modal.component.ts","src\app\features\admin\pages\events-promotions\components\editar-dia-evento-form\editar-dia-evento-form.html","1"
"app-ui-modal","src\app\shared\ui\ui-modal.component\ui-modal.component.ts","src\app\features\admin\pages\events-promotions\components\editar-event-form\editar-event-form.html","1"
"app-ui-modal","src\app\shared\ui\ui-modal.component\ui-modal.component.ts","src\app\features\admin\pages\events-promotions\components\editar-producto-form\editar-producto-form.html","1"
"app-ui-modal","src\app\shared\ui\ui-modal.component\ui-modal.component.ts","src\app\features\admin\pages\events-promotions\components\editar-promotion-form\editar-promotion-form.html","1"
"app-ui-modal","src\app\shared\ui\ui-modal.component\ui-modal.component.ts","src\app\features\admin\pages\events-promotions\components\products-section\products-section.html","2"
"app-ui-modal","src\app\shared\ui\ui-modal.component\ui-modal.component.ts","src\app\features\admin\pages\events-promotions\main-events-promotions\main-events-promotions.html","2"
"app-ui-modal","src\app\shared\ui\ui-modal.component\ui-modal.component.ts","src\app\features\admin\pages\inventory\components\agregar-form\agregar-form.html","1"
"app-ui-modal","src\app\shared\ui\ui-modal.component\ui-modal.component.ts","src\app\features\admin\pages\inventory\components\editar-form\editar-form.html","1"
"app-ui-modal","src\app\shared\ui\ui-modal.component\ui-modal.component.ts","src\app\features\admin\pages\inventory\main-inventory\main-inventory.html","3"
"app-ui-modal","src\app\shared\ui\ui-modal.component\ui-modal.component.ts","src\app\features\admin\pages\orders\components\agregar-metodo-pago-form\agregar-metodo-pago-form.html","1"
"app-ui-modal","src\app\shared\ui\ui-modal.component\ui-modal.component.ts","src\app\features\admin\pages\orders\components\agregar-order-form\agregar-order-form.html","1"
"app-ui-modal","src\app\shared\ui\ui-modal.component\ui-modal.component.ts","src\app\features\admin\pages\orders\components\editar-metodo-pago-form\editar-metodo-pago-form.html","1"
"app-ui-modal","src\app\shared\ui\ui-modal.component\ui-modal.component.ts","src\app\features\admin\pages\orders\components\editar-order-form\editar-order-form.html","1"
"app-ui-modal","src\app\shared\ui\ui-modal.component\ui-modal.component.ts","src\app\features\admin\pages\orders\components\gestionar-productos-form\gestionar-productos-form.html","3"
"app-ui-modal","src\app\shared\ui\ui-modal.component\ui-modal.component.ts","src\app\features\admin\pages\orders\components\payments-section\payments-section.html","2"
"app-ui-modal","src\app\shared\ui\ui-modal.component\ui-modal.component.ts","src\app\features\admin\pages\orders\components\registrar-pago-form\registrar-pago-form.html","1"
"app-ui-modal","src\app\shared\ui\ui-modal.component\ui-modal.component.ts","src\app\features\admin\pages\orders\main-orders\main-orders.html","1"
"app-ui-modal","src\app\shared\ui\ui-modal.component\ui-modal.component.ts","src\app\features\admin\pages\reports\main-reports\main-reports.html","2"
"app-ui-modal","src\app\shared\ui\ui-modal.component\ui-modal.component.ts","src\app\features\admin\pages\tables-reserves\components\agregar-mesa-form\agregar-mesa-form.html","1"
"app-ui-modal","src\app\shared\ui\ui-modal.component\ui-modal.component.ts","src\app\features\admin\pages\tables-reserves\components\editar-mesa-form\editar-mesa-form.html","1"
"app-ui-modal","src\app\shared\ui\ui-modal.component\ui-modal.component.ts","src\app\features\admin\pages\tables-reserves\main-tables-reserves\main-tables-reserves.html","3"
"app-ui-modal","src\app\shared\ui\ui-modal.component\ui-modal.component.ts","src\app\features\admin\pages\users\components\actualizar-employee-form\actualizar-employee-form.html","1"
"app-ui-modal","src\app\shared\ui\ui-modal.component\ui-modal.component.ts","src\app\features\admin\pages\users\components\agregar-employee-form\agregar-employee-form.html","1"
"app-ui-modal","src\app\shared\ui\ui-modal.component\ui-modal.component.ts","src\app\features\admin\pages\users\main\main.html","3"
"app-ui-modal","src\app\shared\ui\ui-modal.component\ui-modal.component.ts","src\app\features\client\pages\perfil\components\profile-client\profile-client.page.html","1"
"app-ui-modal","src\app\shared\ui\ui-modal.component\ui-modal.component.ts","src\app\features\employee\pages\events-promotions\events-page\events-page.html","2"
"app-ui-modal","src\app\shared\ui\ui-modal.component\ui-modal.component.ts","src\app\features\employee\pages\orders\components\registrar-pago-form\registrar-pago-form.html","1"
"app-ui-modal","src\app\shared\ui\ui-modal.component\ui-modal.component.ts","src\app\features\employee\pages\users\profile\profile.html","2"
"app-ui-modal","src\app\shared\ui\ui-modal.component\ui-modal.component.ts","src\app\shared\ui\ui-admin-filter-panel\ui-admin-filter-panel.html","1"
"app-ui-only-icon-button","src\app\shared\ui\ui-only-icon-button\ui-only-icon-button.ts","src\app\features\admin\pages\events-promotions\main-events-promotions\main-events-promotions.html","4"
"app-ui-only-icon-button","src\app\shared\ui\ui-only-icon-button\ui-only-icon-button.ts","src\app\features\admin\pages\inventory\components\agregar-form\agregar-form.html","1"
"app-ui-only-icon-button","src\app\shared\ui\ui-only-icon-button\ui-only-icon-button.ts","src\app\features\admin\pages\inventory\components\editar-form\editar-form.html","1"
"app-ui-only-icon-button","src\app\shared\ui\ui-only-icon-button\ui-only-icon-button.ts","src\app\features\admin\pages\inventory\main-inventory\main-inventory.html","4"
"app-ui-only-icon-button","src\app\shared\ui\ui-only-icon-button\ui-only-icon-button.ts","src\app\features\admin\pages\orders\main-orders\main-orders.html","4"
"app-ui-only-icon-button","src\app\shared\ui\ui-only-icon-button\ui-only-icon-button.ts","src\app\features\admin\pages\reports\main-reports\main-reports.html","1"
"app-ui-only-icon-button","src\app\shared\ui\ui-only-icon-button\ui-only-icon-button.ts","src\app\features\admin\pages\statistics\main-statistics\main-statistics.html","1"
"app-ui-only-icon-button","src\app\shared\ui\ui-only-icon-button\ui-only-icon-button.ts","src\app\features\admin\pages\tables-reserves\main-tables-reserves\main-tables-reserves.html","2"
"app-ui-only-icon-button","src\app\shared\ui\ui-only-icon-button\ui-only-icon-button.ts","src\app\features\admin\pages\users\main\main.html","2"
"app-ui-only-icon-button","src\app\shared\ui\ui-only-icon-button\ui-only-icon-button.ts","src\app\features\employee\main-layout\main-layout.html","1"
"app-ui-only-icon-button","src\app\shared\ui\ui-only-icon-button\ui-only-icon-button.ts","src\app\shared\layout\sidebar\sidebar.html","1"
"app-ui-only-icon-button","src\app\shared\ui\ui-only-icon-button\ui-only-icon-button.ts","src\app\shared\ui\ui-pos-topbar\ui-pos-topbar.html","1"
"app-ui-only-icon-button","src\app\shared\ui\ui-only-icon-button\ui-only-icon-button.ts","src\app\shared\ui\ui-tabla\ui-tabla.html","1"
"app-ui-order-item","src\app\shared\ui\order-item\order-item.component.ts","src\app\features\client\pages\pedidos\components\orders\list\orders-consolidated.page.html","2"
"app-ui-payment-summary","src\app\shared\ui\ui-payment-summary\ui-payment-summary.ts","src\app\features\admin\pages\orders\components\registrar-pago-form\registrar-pago-form.html","1"
"app-ui-payment-summary","src\app\shared\ui\ui-payment-summary\ui-payment-summary.ts","src\app\features\employee\pages\orders\components\registrar-pago-form\registrar-pago-form.html","1"
"app-ui-pos-floor-mesa","src\app\shared\ui\ui-pos-floor-mesa\ui-pos-floor-mesa.ts","src\app\features\employee\pages\orders\pos-floor-plan\pos-floor-plan.html","4"
"app-ui-pos-inline-feedback","src\app\shared\ui\ui-pos-inline-feedback\ui-pos-inline-feedback.ts","src\app\features\employee\pages\orders\table-sale\table-sale.html","1"
"app-ui-pos-qty-stepper","src\app\shared\ui\ui-pos-qty-stepper\ui-pos-qty-stepper.ts","src\app\features\employee\pages\orders\components\table-sale-order-lines\table-sale-order-lines.html","1"
"app-ui-product-card","src\app\shared\ui\ui-product-card\ui-product-card.ts","src\app\features\catalog\catalog.html","1"
"app-ui-product-card","src\app\shared\ui\ui-product-card\ui-product-card.ts","src\app\features\client\pages\catalogo\components\catalog-marketplace\catalog-marketplace.page.html","2"
"app-ui-product-card","src\app\shared\ui\ui-product-card\ui-product-card.ts","src\app\features\client\pages\catalogo\components\featured-products-row\featured-products-row.component.html","1"
"app-ui-reservation-modal","src\app\shared\ui\reservation-modal\reservation-modal.component.ts","src\app\features\client\pages\catalogo\components\catalog-mesas\catalog-mesas.page.html","1"
"app-ui-reservation-modal","src\app\shared\ui\reservation-modal\reservation-modal.component.ts","src\app\features\client\pages\reservas\components\reservas-disponibilidad\reservas-disponibilidad.page.html","1"
"app-ui-tabla","src\app\shared\ui\ui-tabla\ui-tabla.ts","src\app\features\admin\pages\events-promotions\components\days-section\days-section.html","2"
"app-ui-tabla","src\app\shared\ui\ui-tabla\ui-tabla.ts","src\app\features\admin\pages\events-promotions\components\products-section\products-section.html","1"
"app-ui-tabla","src\app\shared\ui\ui-tabla\ui-tabla.ts","src\app\features\admin\pages\events-promotions\main-events-promotions\main-events-promotions.html","2"
"app-ui-tabla","src\app\shared\ui\ui-tabla\ui-tabla.ts","src\app\features\admin\pages\inventory\main-inventory\main-inventory.html","1"
"app-ui-tabla","src\app\shared\ui\ui-tabla\ui-tabla.ts","src\app\features\admin\pages\orders\components\agregar-order-form\agregar-order-form.html","1"
"app-ui-tabla","src\app\shared\ui\ui-tabla\ui-tabla.ts","src\app\features\admin\pages\orders\components\gestionar-productos-form\gestionar-productos-form.html","1"
"app-ui-tabla","src\app\shared\ui\ui-tabla\ui-tabla.ts","src\app\features\admin\pages\orders\components\payments-section\payments-section.html","2"
"app-ui-tabla","src\app\shared\ui\ui-tabla\ui-tabla.ts","src\app\features\admin\pages\orders\main-orders\main-orders.html","1"
"app-ui-tabla","src\app\shared\ui\ui-tabla\ui-tabla.ts","src\app\features\admin\pages\reports\main-reports\main-reports.html","1"
"app-ui-tabla","src\app\shared\ui\ui-tabla\ui-tabla.ts","src\app\features\admin\pages\tables-reserves\main-tables-reserves\main-tables-reserves.html","2"
"app-ui-tabla","src\app\shared\ui\ui-tabla\ui-tabla.ts","src\app\features\admin\pages\users\main\main.html","3"
"app-ui-tabla","src\app\shared\ui\ui-tabla\ui-tabla.ts","src\app\features\employee\pages\orders\category-products\category-products.html","1"
"app-ui-tabla","src\app\shared\ui\ui-tabla\ui-tabla.ts","src\app\features\employee\pages\orders\components\table-sale-order-lines\table-sale-order-lines.html","1"
"app-ui-tabla","src\app\shared\ui\ui-tabla\ui-tabla.ts","src\app\features\employee\pages\users\profile\profile.html","1"
"app-ui-tabs","src\app\shared\ui\ui-tabs\ui-tabs.ts","src\app\features\admin\pages\events-promotions\main-events-promotions\main-events-promotions.html","1"
"app-ui-tabs","src\app\shared\ui\ui-tabs\ui-tabs.ts","src\app\features\admin\pages\orders\main-orders\main-orders.html","1"
"app-ui-tabs","src\app\shared\ui\ui-tabs\ui-tabs.ts","src\app\features\admin\pages\statistics\main-statistics\main-statistics.html","1"
"app-ui-tabs","src\app\shared\ui\ui-tabs\ui-tabs.ts","src\app\features\admin\pages\tables-reserves\main-tables-reserves\main-tables-reserves.html","1"
"app-ui-tabs","src\app\shared\ui\ui-tabs\ui-tabs.ts","src\app\features\admin\pages\users\main\main.html","1"
"app-ui-tabs","src\app\shared\ui\ui-tabs\ui-tabs.ts","src\app\features\client\pages\catalogo\components\catalog-mesas\catalog-mesas.page.html","1"
"app-ui-tabs","src\app\shared\ui\ui-tabs\ui-tabs.ts","src\app\features\client\pages\pedidos\components\orders\list\orders-consolidated.page.html","1"
"app-ui-tabs","src\app\shared\ui\ui-tabs\ui-tabs.ts","src\app\features\client\pages\perfil\components\profile-client\profile-client.page.html","1"
"app-ui-tabs","src\app\shared\ui\ui-tabs\ui-tabs.ts","src\app\features\client\pages\reservas\components\reservas-disponibilidad\reservas-disponibilidad.page.html","1"
"app-ui-toast","src\app\shared\ui\ui-toast\ui-toast.component.ts","src\app\features\client\pages\catalogo\components\catalog-mesas\catalog-mesas.page.html","1"
"app-ui-toast","src\app\shared\ui\ui-toast\ui-toast.component.ts","src\app\features\client\pages\pedidos\components\payments\register\register-payment.page.html","1"
"app-ui-toast","src\app\shared\ui\ui-toast\ui-toast.component.ts","src\app\features\client\pages\reservas\components\reserve-table\reserve-table.page.html","1"
"ui-button","src\app\shared\ui\ui-button\ui-button.ts","src\app\features\admin\pages\events-promotions\components\agregar-dia-evento-form\agregar-dia-evento-form.html","1"
"ui-button","src\app\shared\ui\ui-button\ui-button.ts","src\app\features\admin\pages\events-promotions\components\agregar-event-form\agregar-event-form.html","1"
"ui-button","src\app\shared\ui\ui-button\ui-button.ts","src\app\features\admin\pages\events-promotions\components\agregar-producto-form\agregar-producto-form.html","1"
"ui-button","src\app\shared\ui\ui-button\ui-button.ts","src\app\features\admin\pages\events-promotions\components\agregar-promocion-dia-evento-form\agregar-promocion-dia-evento-form.html","1"
"ui-button","src\app\shared\ui\ui-button\ui-button.ts","src\app\features\admin\pages\events-promotions\components\agregar-promotion-form\agregar-promotion-form.html","1"
"ui-button","src\app\shared\ui\ui-button\ui-button.ts","src\app\features\admin\pages\events-promotions\components\days-section\days-section.html","4"
"ui-button","src\app\shared\ui\ui-button\ui-button.ts","src\app\features\admin\pages\events-promotions\components\editar-dia-evento-form\editar-dia-evento-form.html","1"
"ui-button","src\app\shared\ui\ui-button\ui-button.ts","src\app\features\admin\pages\events-promotions\components\editar-event-form\editar-event-form.html","1"
"ui-button","src\app\shared\ui\ui-button\ui-button.ts","src\app\features\admin\pages\events-promotions\components\editar-producto-form\editar-producto-form.html","1"
"ui-button","src\app\shared\ui\ui-button\ui-button.ts","src\app\features\admin\pages\events-promotions\components\editar-promotion-form\editar-promotion-form.html","1"
"ui-button","src\app\shared\ui\ui-button\ui-button.ts","src\app\features\admin\pages\events-promotions\components\products-section\products-section.html","2"
"ui-button","src\app\shared\ui\ui-button\ui-button.ts","src\app\features\admin\pages\events-promotions\main-events-promotions\main-events-promotions.html","2"
"ui-button","src\app\shared\ui\ui-button\ui-button.ts","src\app\features\admin\pages\inventory\components\agregar-form\agregar-form.html","1"
"ui-button","src\app\shared\ui\ui-button\ui-button.ts","src\app\features\admin\pages\inventory\components\editar-form\editar-form.html","1"
"ui-button","src\app\shared\ui\ui-button\ui-button.ts","src\app\features\admin\pages\inventory\main-inventory\main-inventory.html","6"
"ui-button","src\app\shared\ui\ui-button\ui-button.ts","src\app\features\admin\pages\orders\components\agregar-metodo-pago-form\agregar-metodo-pago-form.html","1"
"ui-button","src\app\shared\ui\ui-button\ui-button.ts","src\app\features\admin\pages\orders\components\agregar-order-form\agregar-order-form.html","2"
"ui-button","src\app\shared\ui\ui-button\ui-button.ts","src\app\features\admin\pages\orders\components\editar-metodo-pago-form\editar-metodo-pago-form.html","1"
"ui-button","src\app\shared\ui\ui-button\ui-button.ts","src\app\features\admin\pages\orders\components\editar-order-form\editar-order-form.html","1"
"ui-button","src\app\shared\ui\ui-button\ui-button.ts","src\app\features\admin\pages\orders\components\gestionar-productos-form\gestionar-productos-form.html","3"
"ui-button","src\app\shared\ui\ui-button\ui-button.ts","src\app\features\admin\pages\orders\components\payments-section\payments-section.html","3"
"ui-button","src\app\shared\ui\ui-button\ui-button.ts","src\app\features\admin\pages\orders\components\registrar-pago-form\registrar-pago-form.html","4"
"ui-button","src\app\shared\ui\ui-button\ui-button.ts","src\app\features\admin\pages\orders\main-orders\main-orders.html","1"
"ui-button","src\app\shared\ui\ui-button\ui-button.ts","src\app\features\admin\pages\statistics\components\statistics-filters\statistics-filters.html","2"
"ui-button","src\app\shared\ui\ui-button\ui-button.ts","src\app\features\admin\pages\tables-reserves\components\agregar-mesa-form\agregar-mesa-form.html","1"
"ui-button","src\app\shared\ui\ui-button\ui-button.ts","src\app\features\admin\pages\tables-reserves\components\editar-mesa-form\editar-mesa-form.html","1"
"ui-button","src\app\shared\ui\ui-button\ui-button.ts","src\app\features\admin\pages\tables-reserves\main-tables-reserves\main-tables-reserves.html","2"
"ui-button","src\app\shared\ui\ui-button\ui-button.ts","src\app\features\admin\pages\users\components\actualizar-employee-form\actualizar-employee-form.html","1"
"ui-button","src\app\shared\ui\ui-button\ui-button.ts","src\app\features\admin\pages\users\components\agregar-employee-form\agregar-employee-form.html","1"
"ui-button","src\app\shared\ui\ui-button\ui-button.ts","src\app\features\admin\pages\users\main\main.html","1"
"ui-button","src\app\shared\ui\ui-button\ui-button.ts","src\app\features\auth\forgot-password\forgot-password.html","1"
"ui-button","src\app\shared\ui\ui-button\ui-button.ts","src\app\features\auth\login\login.html","1"
"ui-button","src\app\shared\ui\ui-button\ui-button.ts","src\app\features\auth\profile\profile.html","2"
"ui-button","src\app\shared\ui\ui-button\ui-button.ts","src\app\features\auth\register\register.html","1"
"ui-button","src\app\shared\ui\ui-button\ui-button.ts","src\app\features\auth\reset-password\reset-password.html","1"
"ui-button","src\app\shared\ui\ui-button\ui-button.ts","src\app\features\auth\verify-email\verify-email.html","1"
"ui-button","src\app\shared\ui\ui-button\ui-button.ts","src\app\features\catalog\catalog.html","3"
"ui-button","src\app\shared\ui\ui-button\ui-button.ts","src\app\features\client\pages\catalogo\components\catalog-detail\catalog-detail.page.html","5"
"ui-button","src\app\shared\ui\ui-button\ui-button.ts","src\app\features\client\pages\catalogo\components\catalog-marketplace\catalog-marketplace.page.html","6"
"ui-button","src\app\shared\ui\ui-button\ui-button.ts","src\app\features\client\pages\catalogo\components\hero\hero-section.component.html","3"
"ui-button","src\app\shared\ui\ui-button\ui-button.ts","src\app\features\client\pages\pedidos\components\orders\cart\orders-cart.page.html","3"
"ui-button","src\app\shared\ui\ui-button\ui-button.ts","src\app\features\client\pages\pedidos\components\orders\detail\order-detail.page.html","3"
"ui-button","src\app\shared\ui\ui-button\ui-button.ts","src\app\features\client\pages\pedidos\components\orders\list\orders-consolidated.page.html","2"
"ui-button","src\app\shared\ui\ui-button\ui-button.ts","src\app\features\client\pages\pedidos\components\orders\shared\order-status.page.html","3"
"ui-button","src\app\shared\ui\ui-button\ui-button.ts","src\app\features\client\pages\pedidos\components\payments\methods\payment-methods.page.html","1"
"ui-button","src\app\shared\ui\ui-button\ui-button.ts","src\app\features\client\pages\pedidos\components\payments\receipt\payment-receipt.page.html","3"
"ui-button","src\app\shared\ui\ui-button\ui-button.ts","src\app\features\client\pages\pedidos\components\payments\register\register-payment.page.html","2"
"ui-button","src\app\shared\ui\ui-button\ui-button.ts","src\app\features\client\pages\perfil\components\profile-client\profile-client.page.html","5"
"ui-button","src\app\shared\ui\ui-button\ui-button.ts","src\app\features\employee\main-layout\main-layout.html","1"
"ui-button","src\app\shared\ui\ui-button\ui-button.ts","src\app\features\employee\pages\events-promotions\events-page\events-page.html","2"
"ui-button","src\app\shared\ui\ui-button\ui-button.ts","src\app\features\employee\pages\orders\category-products\category-products.html","1"
"ui-button","src\app\shared\ui\ui-button\ui-button.ts","src\app\features\employee\pages\orders\components\registrar-pago-form\registrar-pago-form.html","4"
"ui-button","src\app\shared\ui\ui-button\ui-button.ts","src\app\features\employee\pages\orders\components\table-sale-footer-actions\table-sale-footer-actions.html","2"
"ui-button","src\app\shared\ui\ui-button\ui-button.ts","src\app\features\employee\pages\orders\table-sale\table-sale.html","4"
"ui-button","src\app\shared\ui\ui-button\ui-button.ts","src\app\features\employee\pages\users\profile\profile.html","5"
"ui-button","src\app\shared\ui\ui-button\ui-button.ts","src\app\shared\ui\ui-admin-filter-panel\ui-admin-filter-panel.html","3"
"ui-button","src\app\shared\ui\ui-button\ui-button.ts","src\app\shared\ui\ui-chart\ui-chart.component.html","1"
"ui-input","src\app\shared\ui\ui-input\ui-input.ts","src\app\features\admin\pages\events-promotions\components\agregar-dia-evento-form\agregar-dia-evento-form.html","3"
"ui-input","src\app\shared\ui\ui-input\ui-input.ts","src\app\features\admin\pages\events-promotions\components\agregar-event-form\agregar-event-form.html","2"
"ui-input","src\app\shared\ui\ui-input\ui-input.ts","src\app\features\admin\pages\events-promotions\components\agregar-producto-form\agregar-producto-form.html","3"
"ui-input","src\app\shared\ui\ui-input\ui-input.ts","src\app\features\admin\pages\events-promotions\components\agregar-promotion-form\agregar-promotion-form.html","4"
"ui-input","src\app\shared\ui\ui-input\ui-input.ts","src\app\features\admin\pages\events-promotions\components\editar-dia-evento-form\editar-dia-evento-form.html","3"
"ui-input","src\app\shared\ui\ui-input\ui-input.ts","src\app\features\admin\pages\events-promotions\components\editar-event-form\editar-event-form.html","2"
"ui-input","src\app\shared\ui\ui-input\ui-input.ts","src\app\features\admin\pages\events-promotions\components\editar-producto-form\editar-producto-form.html","3"
"ui-input","src\app\shared\ui\ui-input\ui-input.ts","src\app\features\admin\pages\events-promotions\components\editar-promotion-form\editar-promotion-form.html","4"
"ui-input","src\app\shared\ui\ui-input\ui-input.ts","src\app\features\admin\pages\inventory\components\agregar-form\agregar-form.html","5"
"ui-input","src\app\shared\ui\ui-input\ui-input.ts","src\app\features\admin\pages\inventory\components\editar-form\editar-form.html","5"
"ui-input","src\app\shared\ui\ui-input\ui-input.ts","src\app\features\admin\pages\inventory\main-inventory\main-inventory.html","2"
"ui-input","src\app\shared\ui\ui-input\ui-input.ts","src\app\features\admin\pages\orders\components\agregar-metodo-pago-form\agregar-metodo-pago-form.html","1"
"ui-input","src\app\shared\ui\ui-input\ui-input.ts","src\app\features\admin\pages\orders\components\agregar-order-form\agregar-order-form.html","2"
"ui-input","src\app\shared\ui\ui-input\ui-input.ts","src\app\features\admin\pages\orders\components\editar-metodo-pago-form\editar-metodo-pago-form.html","1"
"ui-input","src\app\shared\ui\ui-input\ui-input.ts","src\app\features\admin\pages\orders\components\editar-order-form\editar-order-form.html","3"
"ui-input","src\app\shared\ui\ui-input\ui-input.ts","src\app\features\admin\pages\orders\components\gestionar-productos-form\gestionar-productos-form.html","1"
"ui-input","src\app\shared\ui\ui-input\ui-input.ts","src\app\features\admin\pages\orders\components\payments-section\payments-section.html","1"
"ui-input","src\app\shared\ui\ui-input\ui-input.ts","src\app\features\admin\pages\orders\components\registrar-pago-form\registrar-pago-form.html","3"
"ui-input","src\app\shared\ui\ui-input\ui-input.ts","src\app\features\admin\pages\tables-reserves\components\agregar-mesa-form\agregar-mesa-form.html","1"
"ui-input","src\app\shared\ui\ui-input\ui-input.ts","src\app\features\admin\pages\tables-reserves\components\editar-mesa-form\editar-mesa-form.html","1"
"ui-input","src\app\shared\ui\ui-input\ui-input.ts","src\app\features\admin\pages\users\components\actualizar-employee-form\actualizar-employee-form.html","7"
"ui-input","src\app\shared\ui\ui-input\ui-input.ts","src\app\features\admin\pages\users\components\agregar-employee-form\agregar-employee-form.html","7"
"ui-input","src\app\shared\ui\ui-input\ui-input.ts","src\app\features\auth\forgot-password\forgot-password.html","1"
"ui-input","src\app\shared\ui\ui-input\ui-input.ts","src\app\features\auth\login\login.html","2"
"ui-input","src\app\shared\ui\ui-input\ui-input.ts","src\app\features\auth\profile\profile.html","7"
"ui-input","src\app\shared\ui\ui-input\ui-input.ts","src\app\features\auth\register\register.html","3"
"ui-input","src\app\shared\ui\ui-input\ui-input.ts","src\app\features\auth\reset-password\reset-password.html","2"
"ui-input","src\app\shared\ui\ui-input\ui-input.ts","src\app\features\client\pages\catalogo\components\catalog-marketplace\catalog-marketplace.page.html","2"
"ui-input","src\app\shared\ui\ui-input\ui-input.ts","src\app\features\client\pages\pedidos\components\orders\shared\order-status.page.html","1"
"ui-input","src\app\shared\ui\ui-input\ui-input.ts","src\app\features\client\pages\perfil\components\profile-client\profile-client.page.html","6"
"ui-input","src\app\shared\ui\ui-input\ui-input.ts","src\app\features\employee\pages\cash-balance\cash-balance-page\cash-balance-page.html","2"
"ui-input","src\app\shared\ui\ui-input\ui-input.ts","src\app\features\employee\pages\events-promotions\events-page\events-page.html","1"
"ui-input","src\app\shared\ui\ui-input\ui-input.ts","src\app\features\employee\pages\orders\components\registrar-pago-form\registrar-pago-form.html","1"
"ui-input","src\app\shared\ui\ui-input\ui-input.ts","src\app\features\employee\pages\users\profile\profile.html","3"
"ui-input","src\app\shared\ui\ui-input\ui-input.ts","src\app\shared\ui\ui-admin-filter-panel\ui-admin-filter-panel.html","3"
